project_name,pull_total_mean,pull_opened_mean,pull_closed_mean,pull_merged_mean,commits_mean,stars_mean,forks_mean,newcomers_mean,languages_count,has_readme,has_contributing,has_wiki,has_project_board,has_issue_tracker
linux,6,3,4,1,4653,615,215,114,16,1,0,0,1,0
redis,19,7,9,5,61,246,68,3,7,1,1,0,1,1
netdata,47,1,4,44,133,802,91,6,13,1,0,1,1,1
git,5,3,4,1,325,171,90,10,17,1,0,0,0,0
How-to-Make-a-Computer-Operating-System,3,2,3,3,15,346,59,3,6,1,0,0,1,1
ijkplayer,3,1,3,1,48,314,90,1,7,1,0,1,1,1
wrk,1,1,2,0,3,217,16,1,5,1,0,1,1,1
the_silver_searcher,8,1,2,5,27,192,12,3,7,1,1,1,1,1
emscripten,32,2,7,23,219,162,19,4,18,1,1,1,1,1
php-src,39,3,30,8,469,169,57,4,19,1,1,0,0,0
The-Art-Of-Programming-By-July,12,1,3,14,97,253,104,7,15,0,0,1,1,1
grpc,231,13,32,191,785,336,74,9,17,1,1,1,1,1
JSPatch,5,1,2,3,14,346,71,2,5,1,0,1,1,1
vim,24,3,21,0,49,387,48,1,25,1,1,0,1,1
jq,5,1,3,3,23,155,8,2,9,1,0,1,1,1
toxcore,22,1,5,19,101,158,19,6,6,1,0,0,1,1
FFmpeg,4,1,4,1,442,107,43,8,10,1,1,0,1,0
Telegram,6,2,6,1,8,169,68,1,10,1,0,0,1,0
tmux,6,0,6,0,55,278,20,1,6,1,1,1,0,1
libuv,23,2,15,7,48,200,37,3,9,1,1,1,1,1
torch7,11,1,2,10,19,158,45,2,4,1,1,1,1,1
twemproxy,3,1,2,2,10,105,19,1,6,1,0,1,1,1
obs-studio,19,5,9,10,102,150,35,4,9,0,0,1,1,0
Arduino,14,2,6,7,46,84,57,3,13,1,1,1,1,1
nuklear,6,1,2,5,44,228,17,3,2,0,0,1,1,1
h2o,19,1,2,16,117,183,13,2,14,1,1,1,1,1
masscan,2,1,1,3,13,135,22,1,3,1,0,1,1,1
memcached,3,1,4,1,12,65,19,2,9,1,1,1,1,1
swoole-src,6,1,2,5,84,117,30,2,9,1,0,1,1,1
disque,5,1,2,7,33,211,14,5,4,1,0,1,1,1
vscode,90,6,22,63,1045,1413,198,19,31,1,1,1,1,1
ionic,39,8,17,21,210,627,186,10,7,1,0,0,1,1
angular,195,18,114,76,233,757,187,15,6,1,1,0,1,1
TypeScript,126,8,17,106,489,665,97,6,7,1,1,1,1,1
ant-design,62,1,10,51,324,604,165,13,5,1,0,1,0,1
upterm,20,1,12,11,99,605,18,2,2,1,1,1,1,1
ui-router,9,1,5,5,31,237,57,3,2,1,1,1,1,1
angular-cli,80,5,31,49,58,446,95,12,4,1,1,1,1,1
DefinitelyTyped,271,57,45,223,576,204,168,90,2,1,0,1,1,1
NativeScript,56,1,5,51,130,360,28,3,5,1,1,1,1,1
material2,136,12,24,106,109,519,120,9,5,1,1,1,1,1
chromeless,24,9,4,15,153,2628,111,9,2,1,1,1,1,1
satellizer,8,2,3,7,75,207,33,5,2,1,0,0,1,1
rxjs,50,5,26,22,80,262,25,5,4,1,1,1,1,1
ng2-admin,35,2,30,7,36,456,149,3,5,1,0,1,1,1
cyclejs,5,2,1,3,78,213,8,3,6,1,1,1,1,1
blueprint,63,2,7,56,56,578,36,5,5,1,1,1,1,1
Eve,12,1,2,12,200,230,9,3,3,1,0,0,1,1
google-api-nodejs-client,5,1,2,4,14,100,14,2,1,1,0,0,1,1
Babylon.js,43,1,3,39,152,105,24,4,12,0,0,0,1,1
playground,2,2,1,3,23,304,53,1,4,1,1,1,1,1
reactxp,17,4,3,13,47,880,55,7,2,1,0,1,1,1
angular-seed,25,0,6,19,64,144,52,7,5,1,0,1,1,1
winjs,4,2,2,3,53,92,12,2,4,1,1,1,1,1
esprima,10,1,10,2,19,55,6,1,3,1,1,1,1,1
postgraphql,14,2,3,10,37,220,10,2,6,1,1,1,1,1
apollo-client,55,2,11,43,188,202,19,7,3,1,1,0,1,1
intern,3,1,3,1,19,70,5,1,4,1,1,1,1,1
ng-bootstrap,37,3,33,4,36,151,25,3,3,1,1,1,1,1
shumway,34,1,3,33,194,50,5,1,12,1,0,1,1,1
RxJava,48,1,8,40,86,481,83,4,3,1,1,1,1,1
elasticsearch,146,7,50,118,314,275,114,11,10,0,1,0,1,1
retrofit,10,1,3,7,18,288,72,2,5,1,0,1,0,1
java-design-patterns,7,1,2,5,47,647,199,3,7,1,1,1,1,1
okhttp,26,1,5,22,44,381,88,3,4,1,0,1,0,1
guava,6,2,5,0,45,529,127,4,3,1,1,1,1,1
butterknife,6,1,2,5,15,332,66,2,5,1,0,0,1,1
MPAndroidChart,8,3,4,5,50,434,126,2,1,1,1,1,1,1
glide,4,1,2,3,31,350,69,2,2,1,1,1,1,1
kotlin,19,3,12,6,496,270,25,3,12,0,0,0,0,0
leakcanary,8,1,3,9,20,581,95,3,2,1,0,1,0,1
spring-framework,20,2,16,2,137,199,150,3,17,1,1,1,0,0
EventBus,1,1,1,2,10,258,61,1,2,1,1,1,1,1
Android-Universal-Image-Loader,2,1,2,1,20,220,92,1,1,1,0,1,1,1
spring-boot,37,3,35,1,238,315,258,7,11,0,0,1,0,1
lottie-android,12,1,2,11,54,1579,282,3,2,1,0,0,1,1
zxing,3,1,2,2,28,217,93,1,3,1,0,1,0,1
iosched,3,1,2,3,44,354,123,2,5,1,1,0,1,1
picasso,8,1,3,6,19,268,67,2,4,1,1,0,0,1
RxAndroid,6,1,4,5,10,362,61,2,2,1,1,1,1,1
fresco,8,1,6,4,54,434,109,5,8,1,1,1,1,1
AndroidUtilCode,5,1,3,3,35,877,276,2,1,1,0,1,1,1
libgdx,38,2,10,27,142,201,86,6,21,1,0,1,1,1
PhotoView,2,0,2,1,10,180,49,1,1,1,0,0,1,1
netty,41,2,40,7,77,136,63,4,9,1,1,1,1,1
material-dialogs,5,1,2,4,43,318,60,2,1,1,0,0,1,1
Hystrix,12,2,2,12,34,187,37,2,6,1,1,1,1,1
dubbo,3,2,3,3,49,184,124,1,7,1,0,1,1,1
SlidingMenu,3,1,2,2,17,167,86,1,2,1,0,1,1,1
fastjson,4,0,2,4,33,151,52,1,3,1,0,1,1,1
FiraCode,3,1,1,2,7,494,15,2,4,1,0,1,1,1
LightTable,8,1,3,6,26,157,15,3,5,1,1,1,1,1
clojurescript,1,0,1,1,65,98,8,3,6,1,0,1,1,0
om,5,1,2,6,45,136,7,1,4,1,0,1,1,1
leiningen,8,1,2,7,46,58,13,4,6,1,1,1,0,1
overtone,2,1,2,3,39,45,4,1,2,1,0,1,1,1
icepick,1,0,1,1,8,67,4,1,2,1,0,1,1,1
riemann,7,1,2,6,25,51,6,2,4,0,0,0,1,1
compojure,1,1,1,1,12,29,2,1,2,1,0,1,1,1
clojure-koans,2,0,1,1,5,34,19,1,4,1,0,1,1,1
mori,3,1,1,4,16,47,2,2,5,1,0,1,1,1
reagent,1,1,1,1,20,59,4,1,5,1,1,1,1,1
alda,4,0,1,4,18,80,7,1,2,1,1,0,1,1
re-frame,7,1,2,5,42,82,8,3,5,1,1,1,1,1
datascript,2,1,1,1,11,63,4,1,4,1,0,1,1,1
jepsen,2,0,1,2,24,47,5,1,6,1,0,0,1,1
modern-cljs,6,1,3,6,43,42,4,2,2,1,0,0,1,1
ring,2,1,1,2,10,37,4,1,5,1,0,1,1,1
lein-figwheel,3,1,1,3,33,54,4,2,5,1,0,1,1,1
quil,2,1,1,2,15,30,2,1,4,1,0,1,1,1
incanter,2,1,1,2,17,18,3,2,5,0,0,1,1,1
aleph,2,1,1,1,13,22,2,1,1,1,0,0,1,1
clojure-cookbook,14,1,3,12,59,35,6,4,2,1,1,0,1,1
instaparse,1,1,1,1,19,33,2,1,1,1,0,1,1,1
pedestal,4,1,1,4,27,32,3,2,6,1,1,1,1,1
schema,4,1,1,4,19,36,4,2,2,1,1,1,1,1
hiccup,1,1,1,1,6,17,1,1,1,1,0,1,1,1
onyx,6,0,2,5,143,41,4,1,2,1,0,1,1,1
transit-format,2,0,1,0,5,38,2,2,2,1,0,1,1,1
specter,1,0,1,1,27,46,2,1,3,1,0,1,1,1
spark,434,14,425,1,226,326,294,20,17,1,1,0,1,0
incubator-predictionio,7,1,5,6,80,182,30,3,5,1,1,0,1,0
playframework,69,2,14,55,117,133,45,10,7,1,1,0,0,1
shadowsocks-android,3,1,1,3,34,159,77,1,9,1,1,1,1,1
scala,85,4,21,63,156,127,29,3,10,1,1,0,1,0
akka,76,3,9,70,205,73,25,6,5,1,1,0,1,1
gitbucket,10,1,2,8,72,121,16,2,6,1,0,1,0,1
finagle,4,2,4,2,67,71,13,4,9,1,1,0,0,1
ArnoldC,2,1,2,1,5,115,6,1,1,1,0,1,1,1
aerosolve,10,1,1,9,40,146,18,1,4,1,0,0,1,1
kafka-manager,4,1,1,4,16,129,33,1,5,1,0,1,1,1
chronos,8,2,2,8,25,68,9,3,5,1,0,0,1,1
snowflake,1,1,2,0,11,42,8,2,0,1,0,0,1,1
snowplow,4,1,3,1,85,55,13,1,12,1,1,1,1,1
marathon,46,2,7,39,111,68,15,5,10,1,0,0,1,1
bfg-repo-cleaner,1,1,1,1,11,60,3,1,2,1,1,1,1,1
lila,19,1,4,17,388,51,8,2,11,1,1,1,1,1
fpinscala,3,2,2,4,11,54,29,2,3,1,0,1,1,1
scalaz,14,2,3,12,56,35,6,2,2,1,1,1,0,1
sbt,17,2,5,14,56,33,6,2,4,1,1,1,1,1
gatling,9,1,2,9,98,42,9,2,7,1,1,0,0,1
flockdb,2,0,2,2,28,35,3,1,4,0,0,0,1,0
scala-js,31,1,3,28,75,55,4,2,6,1,1,1,1,1
scala-native,30,4,5,25,56,176,10,4,7,1,0,0,1,1
diffy,2,1,1,2,5,115,10,2,7,1,0,0,1,1
scalding,17,1,3,14,58,43,9,2,5,1,1,1,1,1
kestrel,1,0,3,1,18,24,3,1,4,1,0,1,1,1
linkerd,44,2,6,38,50,132,11,2,8,1,1,1,1,1
spray,8,1,2,9,46,33,8,2,5,0,1,1,1,1
scalatra,4,1,1,4,31,22,3,1,4,0,0,0,1,1
awesome-python,20,10,6,9,29,970,176,7,2,1,1,0,1,1
httpie,3,1,2,2,16,464,30,1,4,0,0,0,1,1
thefuck,11,1,3,10,46,1032,50,4,2,1,1,1,1,1
flask,13,1,5,9,34,331,104,5,4,1,0,0,1,1
youtube-dl,30,6,15,15,180,349,65,8,4,1,1,0,1,1
django,136,8,90,44,169,429,176,18,7,0,0,0,0,0
requests,21,1,6,14,65,345,62,7,3,0,1,1,1,1
awesome-machine-learning,9,1,1,9,23,666,149,7,1,1,0,1,1,1
ansible,239,31,64,160,481,382,128,51,11,1,1,0,1,1
scrapy,20,3,5,14,57,247,66,3,4,0,1,1,1,1
big-list-of-naughty-strings,7,3,3,8,17,841,32,5,3,1,0,1,1,1
scikit-learn,63,9,20,36,238,248,129,11,7,0,1,1,1,1
models,42,10,11,27,58,1069,477,13,10,1,1,1,1,1
shadowsocks,2,1,1,1,1,304,139,1,2,1,0,1,1,1
certbot,62,2,12,49,162,560,50,8,10,0,1,0,1,1
keras,69,5,26,42,124,635,222,18,2,1,1,1,1,1
system-design-primer,11,1,3,7,24,2803,303,3,1,1,1,1,1,1
XX-Net,11,1,3,9,42,509,160,2,8,1,0,1,1,1
incubator-superset,61,4,12,50,85,593,87,6,6,1,1,0,1,1
CppCoreGuidelines,22,2,6,19,56,595,71,8,3,1,1,1,1,1
YouCompleteMe,10,1,3,7,34,222,29,2,4,1,1,1,1,1
you-get,9,2,3,7,28,242,49,2,3,1,0,1,1,1
tornado,11,1,4,6,35,147,41,3,5,0,0,1,1,1
reddit,10,3,10,1,83,125,27,3,11,1,1,1,1,1
sentry,38,6,4,33,192,161,19,4,8,0,1,0,1,1
Deep-Learning-Papers-Reading-Roadmap,4,2,2,2,13,1138,205,2,1,1,0,1,1,1
cpython,422,53,46,322,306,1641,320,3,18,0,0,0,0,0
python-patterns,3,0,1,3,9,200,45,1,2,1,0,1,1,1
ipython,61,1,10,51,156,133,39,5,2,0,1,1,1,1
macOS-Security-and-Privacy-Guide,4,0,1,3,17,457,27,2,1,1,0,0,0,1
freeCodeCamp,121,4,36,85,230,3076,369,17,3,1,1,0,1,1
bootstrap,106,6,57,48,217,1904,707,14,6,1,0,0,1,1
react,107,8,30,74,172,1080,266,20,10,1,1,1,1,1
d3,13,1,8,6,50,655,212,2,1,1,0,1,0,1
vue,19,3,7,13,119,999,216,7,5,1,0,0,1,1
javascript,15,1,6,10,25,850,173,6,1,1,0,1,1,1
angular.js,89,3,79,7,91,571,316,20,5,1,1,1,1,1
react-native,183,19,158,25,354,1738,398,52,17,1,1,1,1,1
jquery,26,1,23,4,46,444,138,3,4,1,1,1,1,1
node,261,13,218,35,179,1127,224,16,12,1,1,1,1,1
html5-boilerplate,10,1,8,5,19,412,103,3,3,1,0,1,1,1
meteor,30,1,20,11,274,554,71,5,12,1,0,1,1,1
Semantic-UI,14,4,5,6,120,744,80,4,3,1,1,1,1,1
reveal.js,8,2,5,4,29,481,147,3,3,1,1,1,1,1
socket.io,8,1,5,5,24,394,74,2,2,0,0,0,1,1
three.js,58,5,18,38,221,388,142,11,10,1,0,1,0,1
create-react-app,81,8,22,51,79,2314,362,24,5,1,1,1,1,1
redux,46,2,15,31,86,1180,265,18,3,1,1,0,1,1
express,9,1,6,3,59,340,64,3,3,0,0,1,1,1
moment,19,5,12,7,49,421,64,8,3,1,1,0,1,1
impress.js,4,1,4,2,7,461,93,1,3,1,0,1,1,1
Chart.js,22,3,8,20,50,589,141,5,2,1,0,0,0,1
resume.github.com,4,1,8,4,9,445,11,2,4,0,0,1,1,1
webpack,27,3,6,21,68,573,79,7,5,1,1,1,1,1
hacker-scripts,9,1,4,10,16,1279,226,7,14,1,0,0,0,1
materialize,31,5,17,10,90,783,113,7,3,1,1,1,1,1
material-ui,99,3,25,74,155,783,145,15,4,1,1,1,0,1
brackets,73,2,14,59,250,401,83,6,8,1,1,1,1,1
jQuery-File-Upload,4,1,3,1,14,335,88,1,7,1,1,1,1,0
gulp,10,1,3,7,21,538,78,4,2,1,1,0,1,1
diff-so-fancy,7,1,3,6,23,431,8,3,2,0,0,1,1,1
gitolite,2,1,2,1,10,68,8,1,3,0,1,1,1,0
FlameGraph,2,1,1,2,5,71,8,1,5,1,0,1,1,1
Expose,2,1,1,3,12,154,8,2,5,0,0,1,1,1
MySQLTuner-perl,2,0,2,3,12,38,8,2,4,1,1,1,1,1
cloc,2,1,1,2,16,136,10,2,62,1,0,1,1,1
EQGRP,8,1,3,12,33,545,333,5,11,1,0,1,1,1
sicp-pdf,1,2,0,1,4,35,4,1,4,1,0,1,1,1
ua-parser,6,1,2,6,25,22,7,2,15,0,1,0,1,1
mojo,5,1,4,2,102,17,4,1,4,1,0,1,1,1
nginx-tutorials,1,0,1,1,14,26,5,1,3,0,0,1,1,1
nikto,5,1,1,4,17,30,5,1,3,1,0,1,1,1
rcm,3,1,2,2,6,32,2,1,6,1,1,1,1,1
duckduckgo,2,1,1,2,11,17,3,1,2,1,1,1,1,1
ack2,2,1,2,2,33,19,2,1,16,1,1,1,1,1
sqitch,1,1,1,1,42,21,2,1,4,1,0,1,1,1
pgbadger,1,1,1,1,13,17,2,1,3,1,1,1,1,1
ABTestingGateway,1,0,1,1,8,42,15,1,8,1,0,1,1,1
dotfiles,1,1,1,2,13,38,6,2,4,1,0,0,1,0
munin,9,1,2,8,44,16,5,2,11,0,1,1,1,1
owasp-modsecurity-crs,7,1,2,6,18,17,6,2,5,1,0,1,1,1
lua-resty-auto-ssl,1,1,1,1,10,48,2,1,4,1,0,1,1,1
rsnapshot,2,1,1,2,13,17,2,1,4,1,1,1,1,1
git-cal,3,1,2,3,8,19,2,2,1,1,0,1,1,1
contrib,11,1,2,10,52,13,8,11,10,1,0,0,1,1
Linux_Exploit_Suggester,1,1,0,1,8,19,5,1,1,1,0,1,1,1
MultiMarkdown,1,1,1,0,8,9,5,1,2,0,0,1,1,1
rainbarf,1,0,1,1,9,16,3,1,1,1,0,1,1,1
AirChat,2,0,1,1,3,22,3,3,1,1,0,1,1,1
prey-bash-client,1,1,2,1,27,8,1,1,3,1,0,1,1,1
atom,52,4,11,39,445,869,178,7,6,1,1,0,1,1
coffeescript,10,1,4,7,47,151,17,2,2,1,1,1,1,1
trix,3,1,2,2,53,331,14,1,5,1,0,1,1,1
zxcvbn,1,1,1,2,10,118,7,1,4,1,0,0,1,1
vimium,9,2,4,6,41,77,10,1,5,1,1,1,1,1
SwitchyOmega,1,0,1,1,14,133,27,1,4,1,0,1,1,1
morris.js,3,1,2,3,10,97,16,1,5,1,0,1,1,1
dynamics.js,2,0,1,1,10,156,11,1,1,1,0,0,1,1
marp,4,1,2,5,27,360,20,1,5,1,0,1,1,1
bacon.js,5,1,2,4,40,91,4,2,4,1,1,1,1,1
codecombat,57,2,8,50,303,124,63,14,7,1,1,1,1,1
At.js,2,1,1,2,10,68,8,1,4,1,1,1,1,1
chroma.js,1,1,1,1,9,70,5,1,3,0,0,1,1,1
sharelatex,1,3,1,2,7,102,11,1,2,1,1,1,1,1
textures,2,1,2,2,7,136,7,1,2,1,0,1,1,1
turbolinks,3,1,1,2,14,211,13,1,4,1,0,1,1,1
vibrant.js,1,1,1,1,3,141,5,1,3,1,0,1,1,1
bootstrap-tour,3,1,2,2,14,62,12,1,4,1,0,0,1,1
jquery.payment,2,0,3,2,7,64,9,1,2,1,0,0,1,1
turbolinks-classic,6,1,3,4,16,59,7,2,5,1,0,1,1,1
hubot-scripts,22,1,5,23,62,47,26,14,2,1,1,1,1,1
pow,2,1,3,1,20,43,3,1,3,1,0,1,1,1
Log.io,1,1,1,1,6,45,6,1,3,1,0,1,0,1
activate-power-mode,4,1,2,4,15,146,19,2,2,1,0,1,1,1
pdfkit,2,1,2,2,8,46,6,1,4,1,0,1,1,1
aglio,2,1,2,2,9,70,7,2,4,1,0,1,1,1
wintersmith,2,1,2,1,10,50,4,1,2,1,0,1,1,1
Keypress,2,1,1,2,6,51,5,1,4,1,0,1,1,1
chinese-copywriting-guidelines,1,1,1,1,7,70,7,1,1,1,0,0,0,1
chaplin,8,1,2,8,33,44,4,2,2,1,1,1,1,1
AFNetworking,17,3,9,9,40,389,120,5,3,1,1,1,1,1
SDWebImage,7,1,4,4,15,191,55,3,2,1,0,1,1,1
GPUImage,6,2,2,6,20,240,57,3,4,1,0,1,1,1
Masonry,2,1,1,2,10,302,57,1,3,1,0,0,1,1
MBProgressHUD,2,1,3,1,7,135,32,1,2,0,0,1,1,1
fmdb,3,1,1,2,6,136,30,1,4,0,0,1,1,1
realm-cocoa,44,2,8,37,164,274,36,2,7,1,1,1,1,1
MJRefresh,3,1,2,2,10,266,79,1,2,1,0,1,1,1
JSQMessagesViewController,8,0,5,4,34,192,44,2,4,1,0,0,0,1
Mantle,5,1,2,4,26,181,23,2,3,1,1,0,1,1
YYKit,3,1,2,3,15,235,86,2,2,1,0,0,1,1
MagicalRecord,5,2,4,3,15,120,22,2,4,1,1,1,1,1
lottie-ios,18,1,5,19,25,1066,136,6,4,1,0,0,1,1
RestKit,8,1,6,4,38,110,25,3,5,1,1,1,1,1
SVProgressHUD,3,1,3,2,9,128,26,1,2,1,0,0,1,1
Alcatraz,4,1,2,3,19,186,23,1,4,1,1,0,1,1
Chameleon,3,1,2,3,13,255,24,1,3,1,0,1,1,1
IQKeyboardManager,2,1,1,2,17,202,33,1,3,1,0,1,1,1
iCarousel,1,1,1,1,5,125,29,1,1,1,0,1,1,1
CocoaLumberjack,5,1,1,5,15,119,23,2,4,1,0,1,1,1
WebViewJavascriptBridge,2,1,1,2,8,130,27,1,7,1,0,1,1,1
DZNEmptyDataSet,3,1,1,3,14,230,32,2,4,1,0,1,1,1
CocoaAsyncSocket,2,1,2,2,5,129,33,1,4,0,0,1,1,1
PNChart,3,1,1,3,12,187,36,2,2,1,0,1,1,1
VVDocumenter-Xcode,2,1,1,2,8,165,32,1,1,1,0,1,1,1
FLEX,2,1,1,2,15,210,22,1,2,1,1,1,1,1
bitbar,8,1,4,11,35,186,9,5,4,1,0,0,1,1
spectacle,1,1,1,1,14,96,6,1,2,1,1,0,1,1
Shimmer,1,1,1,1,3,184,23,1,2,1,1,1,1,1
UITableView-FDTemplateLayoutCell,1,1,1,1,9,269,58,1,2,1,0,1,1,1
postgrest,10,1,2,8,33,283,12,2,3,1,1,1,1,1
pandoc,9,1,2,8,72,104,13,3,11,1,1,1,1,1
shellcheck,2,1,1,1,15,157,9,1,2,1,0,1,1,1
elm-compiler,9,1,3,7,67,65,4,2,3,1,0,0,1,1
purescript,30,2,4,25,75,82,6,3,7,1,1,1,1,1
Haxl,2,1,2,2,6,70,6,2,1,0,0,1,1,1
stack,28,1,4,24,172,82,16,9,5,1,1,1,1,1
Idris-dev,31,2,4,27,120,31,7,4,13,1,1,1,1,1
write-you-a-haskell,3,1,1,3,14,55,4,2,14,1,0,1,1,1
yesod,7,1,1,5,44,18,4,2,5,1,0,1,1,1
ghcjs,2,1,1,2,16,22,2,1,9,0,0,1,1,1
corrode,3,1,1,3,34,97,6,2,4,1,1,0,1,1
ghc,3,1,3,1,187,23,5,3,27,1,0,0,1,0
hakyll,3,1,1,3,18,18,3,2,4,0,0,1,1,1
IHaskell,5,1,2,4,31,31,3,2,6,1,0,1,1,1
eta,8,1,1,8,80,82,6,3,11,1,0,0,1,1
gitit,2,1,1,2,16,14,2,1,9,0,0,1,1,1
lamdu,1,1,1,1,97,22,1,1,4,1,0,1,1,1
HLearn,1,1,2,1,19,22,2,1,8,1,0,1,1,1
haste-compiler,2,0,1,1,27,19,2,1,10,1,0,1,1,1
unison,3,0,1,3,33,40,2,1,5,1,0,1,1,1
fay,4,0,2,2,20,18,2,1,3,1,0,1,1,1
lens,5,1,1,4,63,19,3,2,2,0,0,1,1,1
yi,5,1,2,4,42,15,2,2,4,1,0,1,1,1
scotty,2,1,1,1,7,18,2,1,2,1,0,1,1,1
Carp,6,1,3,5,76,52,2,2,4,1,0,1,1,1
wiwinwlh,4,1,1,3,21,30,4,2,12,1,0,0,1,0
zsh-git-prompt,1,1,1,1,6,12,3,1,3,1,0,0,1,1
grenade,2,1,1,2,13,55,3,1,3,1,0,1,1,1
duckling,12,1,12,0,26,145,19,7,1,1,1,1,1,1
moby,320,8,66,252,596,799,229,31,8,1,1,1,1,1
go,2,0,2,0,295,950,126,10,16,1,1,1,0,1
kubernetes,771,45,130,621,1384,676,234,41,11,1,1,1,1,1
lantern,16,1,3,15,92,444,119,1,19,1,0,1,1,1
awesome-go,37,2,9,28,61,607,73,18,1,1,1,0,1,1
gogs,27,1,8,20,111,476,55,9,6,1,0,1,0,1
hugo,32,2,25,14,71,387,52,11,3,1,1,0,1,1
build-web-application-with-golang,10,1,2,9,75,292,88,4,3,1,0,1,1,1
grafana,39,6,11,27,191,395,64,10,10,1,0,1,1,1
syncthing,33,1,19,20,95,372,31,2,7,1,1,1,1,1
etcd,102,2,14,86,232,293,56,8,7,1,1,0,0,1
caddy,23,1,4,19,60,441,31,6,4,1,0,1,0,1
beego,17,1,7,10,51,184,47,5,1,1,1,1,1,1
gin,10,1,4,8,26,297,34,4,3,1,1,0,0,1
influxdb,76,3,14,61,228,240,34,5,6,1,1,1,1,1
prometheus,33,2,4,32,68,216,33,4,7,1,1,1,1,1
hub,6,1,3,5,28,123,11,2,6,1,1,0,1,1
ngrok,1,1,1,1,11,206,31,1,4,1,0,0,1,1
cockroach,236,5,17,222,504,252,25,4,17,1,1,1,1,1
drone,22,1,5,16,71,253,27,5,5,1,0,0,1,1
cayley,8,1,3,7,30,262,22,2,9,1,0,0,1,1
nsq,9,1,2,8,28,161,21,1,7,1,1,0,0,1
consul,35,2,5,29,137,237,42,8,8,1,0,0,0,1
fzf,4,1,2,3,30,213,9,1,5,1,0,1,0,1
martini,5,0,2,5,18,205,21,3,1,1,0,0,1,1
traefik,37,6,6,30,66,398,37,7,7,1,1,1,0,1
tidb,135,13,11,123,216,382,52,6,4,1,1,0,1,1
terraform,191,10,28,157,494,238,87,31,6,1,0,0,0,1
revel,8,1,4,6,23,125,17,2,4,1,1,1,1,1
websocketd,2,1,1,2,7,160,8,2,3,1,0,1,1,1
otp,20,2,11,14,280,63,16,5,24,1,1,1,1,0
awesomo,9,2,0,8,46,489,24,7,1,1,1,0,1,1
cowboy,5,1,3,4,20,54,10,2,3,0,0,0,0,1
couchdb,9,1,5,5,93,32,6,2,10,0,1,0,1,1
ejabberd,6,1,2,6,33,34,10,1,9,1,0,1,1,1
rabbitmq-server,12,1,2,14,149,38,10,1,5,1,1,0,1,1
emqttd,9,1,1,9,58,43,11,1,2,1,0,1,1,1
ChicagoBoss,5,1,2,4,20,17,3,1,7,1,0,1,1,1
theBeamBook,10,0,0,10,22,262,22,4,8,1,0,1,1,1
mochiweb,1,1,1,1,6,17,4,1,4,1,0,1,1,1
lfe,3,1,1,2,10,15,1,1,5,1,0,1,1,1
disco,5,1,1,6,43,13,2,1,8,1,0,1,1,1
webmachine,3,1,2,2,7,15,3,1,5,1,0,1,1,1
tsung,2,1,1,2,12,15,4,1,8,1,0,0,1,1
rebar,7,1,7,2,26,12,3,3,3,1,1,0,1,0
n2o,5,0,1,4,34,19,3,1,5,1,0,1,1,1
leofs,3,1,1,3,20,18,2,1,7,1,0,1,1,1
yaws,2,0,1,1,13,9,2,1,14,1,0,1,1,1
vernemq,6,2,1,6,37,35,3,1,6,0,0,1,1,1
actordb,1,0,0,1,13,22,2,1,5,1,0,1,1,1
poolboy,1,1,1,1,5,12,2,1,2,1,0,1,1,1
rebar,7,1,7,2,26,12,3,3,3,1,1,0,1,0
lager,3,0,2,3,12,12,4,1,3,1,0,1,1,1
riak_core,9,1,2,7,23,10,3,2,2,1,0,1,1,1
nitrogen,2,1,1,2,12,8,1,2,9,0,0,1,1,1
alpaca,8,1,1,8,40,51,2,1,2,1,0,1,1,1
logplex,3,1,1,2,30,11,1,1,4,1,0,1,1,1
MongooseIM,14,2,3,12,46,13,4,1,10,1,1,1,1,1
reia,1,0,0,1,37,7,1,1,3,1,0,1,1,1
gproc,1,1,1,1,4,8,2,1,2,1,0,1,1,1
rails,234,12,73,154,416,324,128,32,6,1,1,0,1,1
jekyll,33,2,11,29,91,288,63,8,9,0,0,1,1,1
legacy-homebrew,460,0,470,3,717,285,133,78,3,1,0,0,0,1
public-apis,22,1,3,20,65,1458,121,17,3,1,0,1,1,1
discourse,84,2,17,66,436,399,98,12,5,1,1,1,0,0
gitlabhq,52,0,19,38,833,275,71,24,7,1,1,0,1,1
awesome-awesomeness,7,0,11,8,11,503,62,5,1,1,1,0,1,1
fastlane,112,5,16,94,368,536,83,21,8,1,1,0,0,1
devise,12,2,5,7,36,182,41,6,2,1,1,1,1,1
huginn,17,2,3,13,52,309,33,3,6,1,0,1,1,1
vagrant,27,2,8,21,109,165,35,10,9,1,0,1,1,1
awesome-react-native,16,2,2,15,37,479,56,11,4,1,1,1,1,1
devdocs,3,1,3,1,46,296,19,2,5,1,1,1,0,1
ruby,20,3,18,2,215,141,35,1,22,1,1,0,0,0
bootstrap-sass,5,1,3,3,18,169,43,2,5,1,1,0,1,1
engineering-blogs,26,1,6,22,52,432,44,11,1,1,0,1,1,1
homebrew-cask,545,2,173,382,1019,190,85,69,2,1,1,0,1,1
diaspora,38,2,16,23,218,134,32,6,6,1,1,1,1,1
sass,5,1,3,3,49,122,22,2,4,1,1,0,1,1
mastodon,228,10,32,189,251,584,155,28,5,1,1,0,1,1
capistrano,9,1,3,7,28,94,13,4,3,1,1,0,1,1
CocoaPods,15,2,4,12,94,132,24,4,2,1,1,1,1,1
sinatra,8,1,3,6,33,91,14,3,6,1,1,0,1,1
octopress,13,2,9,5,14,99,31,2,4,0,0,1,1,1
metasploit-framework,98,4,19,79,286,131,78,8,17,1,1,1,1,1
spree,57,2,44,18,153,75,33,8,6,1,0,1,1,1
paperclip,9,2,6,3,16,77,15,4,3,1,1,1,1,1
brew,105,4,18,91,138,464,117,6,5,1,1,0,1,1
bourbon,7,1,3,5,15,106,11,2,4,1,1,0,0,1
grape,11,1,3,7,23,94,11,4,1,1,1,0,1,1
laravel,36,0,23,13,72,462,149,6,4,0,0,0,1,0
symfony,177,6,75,106,355,163,60,20,3,1,1,0,1,1
CodeIgniter,35,1,19,16,72,203,93,6,8,0,0,1,1,1
DesignPatternsPHP,4,1,1,3,14,217,44,3,6,1,0,1,1,1
Faker,13,2,5,8,30,162,24,5,2,0,1,0,1,1
yii2,107,5,41,62,222,164,108,17,9,1,0,1,0,1
composer,29,1,8,21,97,130,62,9,2,1,0,0,1,1
guzzle,10,1,3,7,40,125,20,4,3,1,0,0,1,1
WordPress,4,1,5,0,213,139,75,1,3,0,0,0,1,0
PHPMailer,4,1,2,3,17,131,67,2,2,1,0,1,1,1
PHPExcel,6,2,4,2,17,143,48,2,2,1,0,1,1,1
phabricator,4,0,2,4,179,109,14,4,9,1,0,0,1,0
sage,11,1,4,7,26,107,31,2,4,1,0,1,1,1
cphalcon,44,2,12,33,143,117,24,4,7,1,1,1,1,1
Slim,12,2,6,9,40,98,19,3,2,1,1,1,1,1
koel,9,1,4,6,53,372,37,3,6,1,0,1,1,1
framework,203,3,99,103,339,141,81,30,5,1,1,0,1,1
piwik,39,3,7,35,201,101,19,3,11,1,1,1,0,1
grav,10,1,2,7,97,200,18,3,5,1,1,1,1,1
cakephp,78,2,17,62,226,81,36,5,5,1,0,1,1,1
Mobile-Detect,3,1,1,2,11,116,31,1,1,1,0,1,1,1
SecLists,2,2,2,5,7,129,51,1,6,1,0,1,1,1
Cachet,35,2,6,28,137,199,22,4,4,1,1,0,0,1
monolog,8,3,3,6,24,82,15,4,1,1,0,1,1,1
api,7,2,3,6,32,154,22,2,1,0,1,1,1,1
phpunit,10,1,6,4,64,67,15,3,1,1,0,1,1,1
october,28,2,11,16,95,133,33,6,5,1,1,1,1,1
paperwork,10,3,2,10,35,155,16,3,7,1,0,1,1,1
Carbon,11,3,4,13,25,104,13,3,1,0,0,1,1,1
laravel-debugbar,4,1,1,2,14,116,13,1,3,0,0,0,1,1
